target,image_ids
16,jpg/image_03860.jpg
13,jpg/image_06092.jpg
42,jpg/image_02400.jpg
55,jpg/image_02852.jpg
96,jpg/image_07710.jpg
5,jpg/image_07191.jpg
91,jpg/image_03050.jpg
96,jpg/image_07742.jpg
25,jpg/image_06523.jpg
86,jpg/image_05517.jpg
60,jpg/image_06248.jpg
6,jpg/image_07225.jpg
61,jpg/image_07279.jpg
56,jpg/image_08148.jpg
41,jpg/image_05699.jpg
78,jpg/image_06715.jpg
61,jpg/image_08165.jpg
44,jpg/image_07153.jpg
84,jpg/image_04806.jpg
68,jpg/image_05972.jpg
65,jpg/image_05523.jpg
33,jpg/image_06946.jpg
90,jpg/image_04855.jpg
73,jpg/image_01176.jpg
34,jpg/image_08088.jpg
95,jpg/image_07600.jpg
3,jpg/image_05637.jpg
70,jpg/image_04500.jpg
2,jpg/image_06624.jpg
12,jpg/image_05787.jpg
59,jpg/image_03006.jpg
52,jpg/image_03725.jpg
87,jpg/image_00487.jpg
5,jpg/image_07192.jpg
37,jpg/image_05794.jpg
93,jpg/image_07424.jpg
54,jpg/image_04726.jpg
74,jpg/image_02075.jpg
18,jpg/image_06181.jpg
69,jpg/image_05292.jpg
52,jpg/image_03722.jpg
12,jpg/image_05762.jpg
4,jpg/image_05191.jpg
4,jpg/image_05174.jpg
75,jpg/image_02454.jpg
79,jpg/image_02014.jpg
14,jpg/image_06368.jpg
21,jpg/image_05389.jpg
0,jpg/image_06766.jpg
35,jpg/image_04333.jpg
67,jpg/image_05922.jpg
15,jpg/image_06660.jpg
12,jpg/image_05746.jpg
65,jpg/image_05576.jpg
4,jpg/image_05182.jpg
42,jpg/image_02404.jpg
52,jpg/image_03691.jpg
42,jpg/image_02353.jpg
94,jpg/image_07560.jpg
98,jpg/image_07876.jpg
53,jpg/image_05443.jpg
55,jpg/image_02832.jpg
28,jpg/image_04107.jpg
26,jpg/image_06886.jpg
96,jpg/image_07708.jpg
51,jpg/image_04238.jpg
25,jpg/image_06517.jpg
45,jpg/image_01052.jpg
18,jpg/image_06179.jpg
12,jpg/image_05783.jpg
48,jpg/image_06232.jpg
81,jpg/image_01640.jpg
7,jpg/image_03315.jpg
74,jpg/image_02125.jpg
99,jpg/image_07924.jpg
49,jpg/image_06549.jpg
89,jpg/image_04464.jpg
97,jpg/image_07762.jpg
56,jpg/image_08135.jpg
74,jpg/image_02081.jpg
82,jpg/image_01715.jpg
46,jpg/image_04986.jpg
19,jpg/image_04945.jpg
18,jpg/image_06192.jpg
49,jpg/image_06567.jpg
14,jpg/image_06357.jpg
48,jpg/image_06213.jpg
67,jpg/image_05947.jpg
2,jpg/image_06623.jpg
32,jpg/image_06460.jpg
31,jpg/image_05590.jpg
45,jpg/image_01122.jpg
91,jpg/image_03038.jpg
48,jpg/image_06233.jpg
25,jpg/image_06494.jpg
53,jpg/image_05437.jpg
61,jpg/image_08154.jpg
100,jpg/image_07942.jpg
53,jpg/image_05425.jpg
21,jpg/image_05369.jpg
62,jpg/image_05876.jpg
97,jpg/image_07825.jpg
64,jpg/image_03183.jpg
23,jpg/image_06845.jpg
50,jpg/image_01455.jpg
65,jpg/image_05581.jpg
1,jpg/image_05142.jpg
99,jpg/image_07914.jpg
14,jpg/image_06386.jpg
67,jpg/image_05931.jpg
46,jpg/image_05015.jpg
4,jpg/image_05186.jpg
60,jpg/image_06275.jpg
70,jpg/image_04523.jpg
86,jpg/image_05475.jpg
72,jpg/image_00401.jpg
39,jpg/image_04605.jpg
19,jpg/image_04935.jpg
40,jpg/image_02205.jpg
82,jpg/image_01816.jpg
36,jpg/image_07294.jpg
58,jpg/image_05074.jpg
22,jpg/image_03424.jpg
95,jpg/image_07619.jpg
90,jpg/image_04852.jpg
88,jpg/image_00664.jpg
83,jpg/image_02614.jpg
32,jpg/image_06443.jpg
88,jpg/image_00668.jpg
10,jpg/image_03102.jpg
60,jpg/image_06273.jpg
69,jpg/image_05310.jpg
51,jpg/image_04236.jpg
98,jpg/image_07868.jpg
79,jpg/image_02006.jpg
0,jpg/image_06741.jpg
82,jpg/image_01819.jpg
75,jpg/image_02523.jpg
101,jpg/image_08026.jpg
98,jpg/image_08064.jpg
76,jpg/image_00200.jpg
8,jpg/image_06438.jpg
9,jpg/image_07087.jpg
17,jpg/image_04284.jpg
23,jpg/image_06832.jpg
82,jpg/image_01759.jpg
48,jpg/image_06218.jpg
52,jpg/image_03730.jpg
3,jpg/image_05670.jpg
7,jpg/image_03362.jpg
14,jpg/image_06375.jpg
1,jpg/image_05106.jpg
53,jpg/image_05430.jpg
81,jpg/image_01691.jpg
75,jpg/image_02475.jpg
70,jpg/image_04507.jpg
11,jpg/image_04027.jpg
16,jpg/image_03908.jpg
67,jpg/image_05916.jpg
49,jpg/image_06531.jpg
28,jpg/image_04139.jpg
101,jpg/image_08036.jpg
38,jpg/image_07026.jpg
68,jpg/image_06010.jpg
59,jpg/image_02981.jpg
53,jpg/image_05412.jpg
97,jpg/image_07781.jpg
88,jpg/image_00667.jpg
101,jpg/image_08007.jpg
5,jpg/image_07165.jpg
0,jpg/image_06755.jpg
21,jpg/image_05351.jpg
24,jpg/image_06593.jpg
5,jpg/image_07169.jpg
18,jpg/image_06169.jpg
66,jpg/image_07059.jpg
79,jpg/image_01990.jpg
0,jpg/image_06762.jpg
15,jpg/image_06674.jpg
6,jpg/image_07221.jpg
92,jpg/image_06027.jpg
91,jpg/image_03058.jpg
78,jpg/image_06698.jpg
74,jpg/image_02183.jpg
72,jpg/image_00444.jpg
95,jpg/image_07617.jpg
59,jpg/image_03012.jpg
63,jpg/image_06118.jpg
11,jpg/image_04036.jpg
68,jpg/image_05964.jpg
9,jpg/image_08092.jpg
65,jpg/image_05567.jpg
15,jpg/image_06692.jpg
75,jpg/image_02500.jpg
58,jpg/image_05040.jpg
94,jpg/image_07518.jpg
79,jpg/image_01966.jpg
13,jpg/image_06087.jpg
24,jpg/image_06578.jpg
46,jpg/image_04978.jpg
26,jpg/image_06870.jpg
81,jpg/image_01613.jpg
53,jpg/image_05428.jpg
47,jpg/image_04663.jpg
87,jpg/image_00587.jpg
11,jpg/image_04030.jpg
11,jpg/image_04009.jpg
6,jpg/image_07215.jpg
88,jpg/image_00695.jpg
50,jpg/image_03935.jpg
10,jpg/image_03117.jpg
38,jpg/image_07023.jpg
73,jpg/image_01285.jpg
48,jpg/image_06229.jpg
31,jpg/image_05588.jpg
16,jpg/image_03835.jpg
90,jpg/image_04829.jpg
76,jpg/image_00177.jpg
20,jpg/image_06812.jpg
46,jpg/image_05004.jpg
69,jpg/image_05289.jpg
7,jpg/image_03356.jpg
68,jpg/image_06000.jpg
47,jpg/image_04689.jpg
70,jpg/image_04518.jpg
48,jpg/image_06237.jpg
46,jpg/image_05010.jpg
57,jpg/image_02671.jpg
40,jpg/image_02231.jpg
22,jpg/image_03440.jpg
39,jpg/image_04586.jpg
91,jpg/image_03072.jpg
95,jpg/image_07653.jpg
19,jpg/image_04923.jpg
80,jpg/image_00893.jpg
13,jpg/image_06052.jpg
40,jpg/image_02307.jpg
40,jpg/image_02209.jpg
3,jpg/image_05664.jpg
83,jpg/image_02554.jpg
16,jpg/image_03875.jpg
93,jpg/image_07351.jpg
73,jpg/image_01234.jpg
14,jpg/image_06384.jpg
30,jpg/image_06910.jpg
17,jpg/image_04300.jpg
40,jpg/image_02275.jpg
30,jpg/image_08065.jpg
29,jpg/image_03510.jpg
69,jpg/image_05330.jpg
75,jpg/image_02519.jpg
18,jpg/image_06186.jpg
3,jpg/image_05638.jpg
33,jpg/image_06940.jpg
88,jpg/image_00737.jpg
84,jpg/image_04779.jpg
19,jpg/image_04938.jpg
57,jpg/image_02675.jpg
43,jpg/image_01525.jpg
88,jpg/image_00717.jpg
52,jpg/image_03651.jpg
43,jpg/image_01566.jpg
48,jpg/image_06214.jpg
95,jpg/image_07599.jpg
90,jpg/image_04885.jpg
41,jpg/image_05721.jpg
81,jpg/image_01627.jpg
89,jpg/image_04449.jpg
24,jpg/image_06592.jpg
58,jpg/image_05081.jpg
78,jpg/image_06717.jpg
78,jpg/image_06693.jpg
64,jpg/image_03256.jpg
41,jpg/image_05731.jpg
20,jpg/image_06794.jpg
47,jpg/image_04625.jpg
5,jpg/image_07194.jpg
30,jpg/image_06911.jpg
47,jpg/image_04676.jpg
60,jpg/image_06261.jpg
47,jpg/image_04690.jpg
89,jpg/image_04458.jpg
28,jpg/image_04095.jpg
20,jpg/image_06800.jpg
39,jpg/image_04558.jpg
40,jpg/image_02191.jpg
52,jpg/image_03667.jpg
16,jpg/image_03873.jpg
89,jpg/image_04418.jpg
97,jpg/image_07823.jpg
93,jpg/image_07354.jpg
97,jpg/image_07802.jpg
72,jpg/image_00411.jpg
98,jpg/image_07891.jpg
39,jpg/image_04583.jpg
82,jpg/image_01760.jpg
84,jpg/image_04772.jpg
71,jpg/image_03617.jpg
53,jpg/image_05400.jpg
54,jpg/image_04735.jpg
84,jpg/image_04814.jpg
54,jpg/image_04720.jpg
53,jpg/image_05419.jpg
62,jpg/image_05866.jpg
26,jpg/image_06878.jpg
83,jpg/image_02565.jpg
8,jpg/image_06404.jpg
16,jpg/image_03855.jpg
27,jpg/image_05240.jpg
27,jpg/image_05261.jpg
48,jpg/image_06243.jpg
71,jpg/image_03579.jpg
14,jpg/image_06350.jpg
36,jpg/image_03783.jpg
62,jpg/image_05900.jpg
9,jpg/image_07113.jpg
21,jpg/image_05374.jpg
73,jpg/image_01304.jpg
93,jpg/image_07448.jpg
56,jpg/image_07235.jpg
84,jpg/image_04807.jpg
42,jpg/image_02386.jpg
65,jpg/image_05563.jpg
64,jpg/image_03283.jpg
65,jpg/image_05571.jpg
12,jpg/image_05752.jpg
61,jpg/image_08175.jpg
9,jpg/image_08096.jpg
9,jpg/image_07098.jpg
70,jpg/image_04538.jpg
34,jpg/image_06994.jpg
11,jpg/image_04020.jpg
13,jpg/image_06066.jpg
10,jpg/image_03101.jpg
85,jpg/image_02876.jpg
14,jpg/image_06356.jpg
27,jpg/image_05232.jpg
13,jpg/image_06083.jpg
45,jpg/image_01142.jpg
92,jpg/image_06038.jpg
68,jpg/image_05974.jpg
76,jpg/image_00118.jpg
72,jpg/image_00274.jpg
66,jpg/image_07061.jpg
79,jpg/image_01973.jpg
92,jpg/image_06033.jpg
86,jpg/image_05498.jpg
30,jpg/image_06909.jpg
67,jpg/image_05925.jpg
8,jpg/image_06437.jpg
69,jpg/image_05306.jpg
9,jpg/image_08095.jpg
24,jpg/image_06576.jpg
43,jpg/image_01528.jpg
21,jpg/image_05362.jpg
5,jpg/image_07178.jpg
31,jpg/image_05609.jpg
51,jpg/image_04215.jpg
77,jpg/image_01831.jpg
20,jpg/image_06804.jpg
22,jpg/image_03442.jpg
30,jpg/image_06892.jpg
6,jpg/image_07218.jpg
38,jpg/image_07039.jpg
19,jpg/image_04916.jpg
15,jpg/image_06663.jpg
26,jpg/image_06885.jpg
29,jpg/image_03488.jpg
77,jpg/image_01942.jpg
74,jpg/image_02087.jpg
2,jpg/image_06632.jpg
64,jpg/image_03215.jpg
51,jpg/image_04234.jpg
76,jpg/image_00144.jpg
27,jpg/image_05259.jpg
64,jpg/image_03270.jpg
43,jpg/image_01500.jpg
18,jpg/image_06175.jpg
49,jpg/image_06547.jpg
85,jpg/image_02901.jpg
0,jpg/image_06744.jpg
64,jpg/image_03269.jpg
29,jpg/image_03489.jpg
98,jpg/image_08063.jpg
34,jpg/image_08086.jpg
30,jpg/image_06902.jpg
58,jpg/image_05062.jpg
21,jpg/image_05379.jpg
23,jpg/image_08048.jpg
12,jpg/image_05755.jpg
41,jpg/image_05724.jpg
44,jpg/image_07130.jpg
71,jpg/image_03619.jpg
63,jpg/image_06129.jpg
35,jpg/image_04400.jpg
35,jpg/image_04369.jpg
77,jpg/image_01855.jpg
5,jpg/image_08105.jpg
77,jpg/image_01904.jpg
8,jpg/image_06420.jpg
27,jpg/image_05234.jpg
71,jpg/image_03555.jpg
65,jpg/image_05538.jpg
4,jpg/image_05164.jpg
27,jpg/image_05260.jpg
91,jpg/image_03046.jpg
52,jpg/image_03729.jpg
75,jpg/image_02485.jpg
54,jpg/image_04723.jpg
13,jpg/image_06075.jpg
95,jpg/image_07634.jpg
56,jpg/image_07247.jpg
66,jpg/image_07065.jpg
76,jpg/image_00116.jpg
42,jpg/image_02445.jpg
99,jpg/image_07908.jpg
50,jpg/image_03955.jpg
60,jpg/image_06292.jpg
2,jpg/image_06616.jpg
49,jpg/image_06550.jpg
43,jpg/image_01545.jpg
63,jpg/image_06105.jpg
59,jpg/image_02949.jpg
14,jpg/image_06364.jpg
66,jpg/image_07058.jpg
58,jpg/image_05042.jpg
56,jpg/image_08126.jpg
22,jpg/image_03395.jpg
54,jpg/image_04741.jpg
55,jpg/image_02761.jpg
28,jpg/image_04152.jpg
6,jpg/image_08103.jpg
47,jpg/image_04683.jpg
98,jpg/image_07851.jpg
6,jpg/image_07203.jpg
34,jpg/image_06989.jpg
10,jpg/image_03150.jpg
41,jpg/image_05689.jpg
51,jpg/image_04241.jpg
51,jpg/image_04167.jpg
75,jpg/image_02521.jpg
46,jpg/image_04968.jpg
8,jpg/image_06408.jpg
28,jpg/image_04142.jpg
90,jpg/image_08056.jpg
95,jpg/image_07604.jpg
82,jpg/image_01705.jpg
71,jpg/image_03612.jpg
58,jpg/image_05071.jpg
92,jpg/image_06045.jpg
48,jpg/image_06206.jpg
46,jpg/image_05000.jpg
2,jpg/image_06626.jpg
4,jpg/image_05199.jpg
31,jpg/image_05625.jpg
1,jpg/image_05091.jpg
28,jpg/image_04123.jpg
41,jpg/image_05728.jpg
41,jpg/image_05685.jpg
33,jpg/image_06966.jpg
77,jpg/image_01923.jpg
73,jpg/image_01295.jpg
78,jpg/image_06710.jpg
6,jpg/image_07229.jpg
64,jpg/image_03253.jpg
25,jpg/image_06525.jpg
2,jpg/image_06642.jpg
26,jpg/image_06869.jpg
80,jpg/image_00921.jpg
51,jpg/image_04223.jpg
28,jpg/image_04127.jpg
27,jpg/image_05272.jpg
55,jpg/image_02762.jpg
5,jpg/image_07195.jpg
95,jpg/image_07662.jpg
85,jpg/image_02880.jpg
62,jpg/image_05874.jpg
33,jpg/image_06947.jpg
86,jpg/image_05510.jpg
17,jpg/image_04289.jpg
35,jpg/image_04327.jpg
28,jpg/image_04134.jpg
23,jpg/image_06831.jpg
75,jpg/image_02507.jpg
30,jpg/image_08075.jpg
35,jpg/image_04358.jpg
95,jpg/image_07630.jpg
30,jpg/image_08076.jpg
65,jpg/image_05564.jpg
70,jpg/image_04524.jpg
73,jpg/image_01270.jpg
60,jpg/image_06252.jpg
53,jpg/image_05407.jpg
94,jpg/image_07546.jpg
71,jpg/image_03637.jpg
72,jpg/image_00442.jpg
7,jpg/image_03360.jpg
94,jpg/image_07570.jpg
39,jpg/image_04573.jpg
37,jpg/image_05823.jpg
98,jpg/image_07871.jpg
50,jpg/image_01324.jpg
74,jpg/image_02080.jpg
1,jpg/image_05097.jpg
5,jpg/image_08109.jpg
23,jpg/image_08051.jpg
87,jpg/image_00501.jpg
29,jpg/image_03465.jpg
6,jpg/image_07233.jpg
44,jpg/image_07125.jpg
36,jpg/image_03791.jpg
49,jpg/image_06335.jpg
99,jpg/image_07913.jpg
44,jpg/image_07136.jpg
99,jpg/image_07930.jpg
11,jpg/image_04019.jpg
7,jpg/image_03294.jpg
48,jpg/image_06242.jpg
43,jpg/image_01582.jpg
86,jpg/image_05461.jpg
83,jpg/image_02609.jpg
28,jpg/image_04105.jpg
97,jpg/image_07817.jpg
38,jpg/image_07019.jpg
4,jpg/image_05187.jpg
4,jpg/image_05167.jpg
49,jpg/image_06333.jpg
72,jpg/image_00380.jpg
56,jpg/image_07264.jpg
20,jpg/image_06781.jpg
87,jpg/image_00576.jpg
36,jpg/image_03822.jpg
33,jpg/image_06962.jpg
91,jpg/image_03051.jpg
66,jpg/image_08078.jpg
37,jpg/image_05828.jpg
24,jpg/image_06582.jpg
75,jpg/image_02471.jpg
12,jpg/image_05789.jpg
85,jpg/image_02863.jpg
64,jpg/image_03229.jpg
15,jpg/image_06689.jpg
97,jpg/image_07797.jpg
97,jpg/image_07803.jpg
23,jpg/image_06842.jpg
76,jpg/image_00216.jpg
67,jpg/image_05937.jpg
25,jpg/image_06491.jpg
101,jpg/image_08003.jpg
30,jpg/image_08074.jpg
19,jpg/image_04919.jpg
65,jpg/image_05573.jpg
76,jpg/image_00126.jpg
21,jpg/image_05345.jpg
93,jpg/image_07326.jpg
60,jpg/image_06256.jpg
20,jpg/image_06788.jpg
83,jpg/image_02573.jpg
42,jpg/image_02340.jpg
63,jpg/image_06144.jpg
91,jpg/image_03080.jpg
22,jpg/image_03399.jpg
47,jpg/image_04672.jpg
62,jpg/image_05896.jpg
76,jpg/image_00036.jpg
12,jpg/image_05779.jpg
20,jpg/image_06803.jpg
54,jpg/image_04746.jpg
83,jpg/image_02578.jpg
86,jpg/image_05485.jpg
100,jpg/image_07983.jpg
37,jpg/image_05796.jpg
55,jpg/image_02776.jpg
0,jpg/image_06771.jpg
49,jpg/image_06310.jpg
31,jpg/image_05601.jpg
57,jpg/image_02649.jpg
85,jpg/image_02911.jpg
13,jpg/image_06093.jpg
71,jpg/image_03597.jpg
82,jpg/image_01716.jpg
32,jpg/image_06468.jpg
98,jpg/image_07862.jpg
67,jpg/image_05951.jpg
79,jpg/image_01972.jpg
94,jpg/image_07562.jpg
95,jpg/image_07628.jpg
90,jpg/image_04846.jpg
63,jpg/image_06133.jpg
58,jpg/image_05066.jpg
86,jpg/image_05484.jpg
92,jpg/image_06017.jpg
8,jpg/image_06424.jpg
40,jpg/image_02310.jpg
79,jpg/image_01997.jpg
44,jpg/image_07131.jpg
15,jpg/image_06667.jpg
90,jpg/image_08057.jpg
41,jpg/image_05727.jpg
50,jpg/image_03967.jpg
15,jpg/image_06690.jpg
79,jpg/image_02003.jpg
20,jpg/image_06798.jpg
15,jpg/image_06681.jpg
6,jpg/image_07214.jpg
0,jpg/image_06750.jpg
53,jpg/image_05431.jpg
81,jpg/image_01655.jpg
61,jpg/image_08164.jpg
66,jpg/image_07063.jpg
47,jpg/image_04645.jpg
73,jpg/image_01213.jpg
35,jpg/image_04347.jpg
92,jpg/image_08115.jpg
10,jpg/image_03181.jpg
38,jpg/image_07030.jpg
5,jpg/image_08108.jpg
66,jpg/image_07080.jpg
56,jpg/image_08118.jpg
59,jpg/image_02939.jpg
16,jpg/image_03887.jpg
90,jpg/image_04836.jpg
77,jpg/image_01900.jpg
100,jpg/image_07974.jpg
36,jpg/image_03787.jpg
45,jpg/image_00964.jpg
61,jpg/image_08161.jpg
49,jpg/image_06308.jpg
16,jpg/image_03848.jpg
101,jpg/image_08024.jpg
40,jpg/image_02279.jpg
76,jpg/image_00028.jpg
7,jpg/image_03336.jpg
61,jpg/image_08166.jpg
55,jpg/image_02828.jpg
72,jpg/image_00319.jpg
23,jpg/image_06828.jpg
16,jpg/image_03843.jpg
34,jpg/image_06979.jpg
66,jpg/image_07069.jpg
74,jpg/image_02166.jpg
29,jpg/image_03473.jpg
87,jpg/image_00535.jpg
79,jpg/image_01975.jpg
52,jpg/image_03681.jpg
100,jpg/image_07954.jpg
0,jpg/image_06768.jpg
26,jpg/image_06856.jpg
88,jpg/image_00656.jpg
47,jpg/image_04660.jpg
101,jpg/image_08018.jpg
42,jpg/image_02420.jpg
31,jpg/image_05599.jpg
27,jpg/image_05243.jpg
44,jpg/image_07144.jpg
87,jpg/image_00564.jpg
21,jpg/image_05367.jpg
1,jpg/image_05146.jpg
68,jpg/image_06002.jpg
46,jpg/image_04970.jpg
92,jpg/image_06016.jpg
68,jpg/image_05994.jpg
11,jpg/image_04059.jpg
20,jpg/image_06799.jpg
44,jpg/image_07142.jpg
57,jpg/image_02706.jpg
84,jpg/image_04776.jpg
24,jpg/image_06605.jpg
25,jpg/image_06516.jpg
76,jpg/image_00079.jpg
12,jpg/image_05786.jpg
82,jpg/image_01821.jpg
37,jpg/image_05832.jpg
45,jpg/image_01019.jpg
77,jpg/image_01832.jpg
8,jpg/image_06423.jpg
41,jpg/image_05718.jpg
33,jpg/image_06950.jpg
42,jpg/image_02373.jpg
51,jpg/image_04208.jpg
15,jpg/image_06652.jpg
50,jpg/image_01448.jpg
0,jpg/image_06736.jpg
59,jpg/image_02945.jpg
37,jpg/image_05819.jpg
81,jpg/image_01587.jpg
86,jpg/image_05479.jpg
68,jpg/image_05986.jpg
100,jpg/image_07963.jpg
43,jpg/image_01533.jpg
17,jpg/image_04297.jpg
50,jpg/image_01385.jpg
61,jpg/image_08167.jpg
43,jpg/image_01534.jpg
41,jpg/image_05740.jpg
28,jpg/image_04103.jpg
20,jpg/image_06797.jpg
92,jpg/image_06013.jpg
78,jpg/image_06714.jpg
73,jpg/image_01221.jpg
15,jpg/image_06688.jpg
23,jpg/image_06839.jpg
87,jpg/image_00590.jpg
13,jpg/image_06061.jpg
86,jpg/image_05491.jpg
93,jpg/image_07315.jpg
54,jpg/image_04740.jpg
1,jpg/image_05145.jpg
24,jpg/image_06590.jpg
94,jpg/image_07528.jpg
32,jpg/image_06481.jpg
70,jpg/image_04554.jpg
45,jpg/image_01028.jpg
32,jpg/image_06449.jpg
36,jpg/image_03802.jpg
58,jpg/image_05083.jpg
57,jpg/image_02748.jpg
19,jpg/image_04897.jpg
3,jpg/image_05653.jpg
19,jpg/image_04925.jpg
96,jpg/image_07706.jpg
68,jpg/image_05997.jpg
87,jpg/image_00534.jpg
84,jpg/image_04770.jpg
99,jpg/image_07918.jpg
58,jpg/image_05046.jpg
14,jpg/image_06348.jpg
59,jpg/image_02996.jpg
37,jpg/image_05839.jpg
42,jpg/image_02357.jpg
17,jpg/image_04244.jpg
34,jpg/image_06972.jpg
91,jpg/image_03093.jpg
14,jpg/image_06387.jpg
7,jpg/image_03333.jpg
1,jpg/image_05115.jpg
81,jpg/image_01654.jpg
75,jpg/image_02458.jpg
25,jpg/image_06515.jpg
63,jpg/image_06127.jpg
33,jpg/image_06936.jpg
93,jpg/image_07371.jpg
89,jpg/image_04438.jpg
24,jpg/image_06574.jpg
99,jpg/image_07910.jpg
74,jpg/image_02146.jpg
37,jpg/image_05815.jpg
94,jpg/image_07564.jpg
50,jpg/image_01317.jpg
101,jpg/image_08004.jpg
61,jpg/image_08177.jpg
84,jpg/image_04771.jpg
93,jpg/image_07389.jpg
97,jpg/image_07790.jpg
38,jpg/image_07043.jpg
52,jpg/image_03666.jpg
39,jpg/image_04566.jpg
35,jpg/image_04395.jpg
68,jpg/image_05983.jpg
82,jpg/image_01785.jpg
71,jpg/image_03609.jpg
60,jpg/image_06285.jpg
83,jpg/image_02583.jpg
66,jpg/image_07052.jpg
62,jpg/image_05897.jpg
36,jpg/image_03761.jpg
33,jpg/image_06931.jpg
85,jpg/image_02866.jpg
32,jpg/image_06480.jpg
89,jpg/image_04428.jpg
97,jpg/image_07771.jpg
94,jpg/image_07571.jpg
21,jpg/image_05396.jpg
50,jpg/image_01456.jpg
19,jpg/image_04939.jpg
92,jpg/image_08112.jpg
101,jpg/image_08013.jpg
46,jpg/image_04975.jpg
73,jpg/image_01254.jpg
34,jpg/image_06982.jpg
85,jpg/image_02894.jpg
23,jpg/image_06816.jpg
63,jpg/image_06119.jpg
80,jpg/image_00848.jpg
70,jpg/image_04537.jpg
36,jpg/image_07290.jpg
47,jpg/image_04694.jpg
8,jpg/image_06430.jpg
80,jpg/image_00876.jpg
29,jpg/image_03505.jpg
100,jpg/image_07972.jpg
73,jpg/image_01236.jpg
31,jpg/image_05585.jpg
21,jpg/image_05344.jpg
72,jpg/image_00297.jpg
80,jpg/image_00803.jpg
13,jpg/image_06053.jpg
96,jpg/image_07748.jpg
55,jpg/image_02812.jpg
77,jpg/image_01852.jpg
67,jpg/image_05950.jpg
38,jpg/image_07045.jpg
46,jpg/image_04993.jpg
89,jpg/image_04443.jpg
96,jpg/image_07711.jpg
10,jpg/image_03114.jpg
78,jpg/image_06699.jpg
3,jpg/image_05659.jpg
1,jpg/image_05137.jpg
31,jpg/image_05619.jpg
43,jpg/image_01552.jpg
94,jpg/image_07549.jpg
55,jpg/image_02770.jpg
43,jpg/image_01539.jpg
59,jpg/image_02963.jpg
78,jpg/image_06697.jpg
38,jpg/image_07025.jpg
17,jpg/image_04299.jpg
17,jpg/image_04279.jpg
10,jpg/image_03164.jpg
22,jpg/image_03446.jpg
88,jpg/image_00672.jpg
78,jpg/image_06704.jpg
2,jpg/image_06618.jpg
25,jpg/image_06524.jpg
57,jpg/image_02716.jpg
62,jpg/image_05888.jpg
72,jpg/image_00383.jpg
11,jpg/image_04066.jpg
54,jpg/image_04703.jpg
39,jpg/image_04614.jpg
3,jpg/image_05640.jpg
26,jpg/image_06855.jpg
69,jpg/image_05321.jpg
25,jpg/image_06522.jpg
40,jpg/image_02197.jpg
84,jpg/image_04827.jpg
4,jpg/image_05194.jpg
83,jpg/image_02598.jpg
51,jpg/image_04189.jpg
24,jpg/image_06601.jpg
57,jpg/image_02643.jpg
86,jpg/image_05472.jpg
52,jpg/image_03719.jpg
9,jpg/image_07107.jpg
98,jpg/image_07872.jpg
80,jpg/image_00922.jpg
59,jpg/image_02927.jpg
93,jpg/image_07307.jpg
80,jpg/image_00864.jpg
77,jpg/image_01918.jpg
67,jpg/image_05906.jpg
71,jpg/image_03548.jpg
45,jpg/image_01126.jpg
62,jpg/image_05891.jpg
71,jpg/image_03582.jpg
101,jpg/image_08033.jpg
96,jpg/image_07709.jpg
55,jpg/image_02779.jpg
44,jpg/image_07140.jpg
60,jpg/image_06254.jpg
96,jpg/image_07690.jpg
61,jpg/image_07274.jpg
87,jpg/image_00514.jpg
29,jpg/image_03538.jpg
39,jpg/image_04563.jpg
37,jpg/image_05798.jpg
29,jpg/image_03484.jpg
70,jpg/image_04488.jpg
69,jpg/image_05336.jpg
99,jpg/image_07941.jpg
22,jpg/image_03427.jpg
18,jpg/image_06170.jpg
45,jpg/image_00986.jpg
100,jpg/image_07988.jpg
63,jpg/image_06122.jpg
90,jpg/image_04851.jpg
37,jpg/image_05809.jpg
17,jpg/image_04287.jpg
45,jpg/image_01101.jpg
67,jpg/image_05918.jpg
25,jpg/image_06487.jpg
85,jpg/image_02884.jpg
49,jpg/image_06556.jpg
69,jpg/image_05333.jpg
92,jpg/image_06040.jpg
56,jpg/image_07258.jpg
38,jpg/image_07010.jpg
58,jpg/image_05036.jpg
63,jpg/image_06101.jpg
45,jpg/image_01131.jpg
29,jpg/image_03518.jpg
44,jpg/image_07135.jpg
33,jpg/image_06956.jpg
80,jpg/image_00888.jpg
83,jpg/image_02600.jpg
2,jpg/image_06634.jpg
34,jpg/image_07000.jpg
33,jpg/image_06941.jpg
9,jpg/image_07117.jpg
99,jpg/image_07900.jpg
89,jpg/image_04480.jpg
26,jpg/image_06861.jpg
18,jpg/image_06189.jpg
89,jpg/image_07300.jpg
3,jpg/image_05662.jpg
80,jpg/image_00945.jpg
100,jpg/image_07967.jpg
57,jpg/image_02689.jpg
90,jpg/image_04860.jpg
91,jpg/image_03034.jpg
10,jpg/image_03119.jpg
9,jpg/image_08094.jpg
4,jpg/image_05161.jpg
2,jpg/image_06651.jpg
54,jpg/image_04758.jpg
31,jpg/image_05616.jpg
12,jpg/image_05753.jpg
74,jpg/image_02184.jpg
18,jpg/image_06180.jpg
35,jpg/image_04329.jpg
3,jpg/image_05636.jpg
69,jpg/image_05279.jpg
60,jpg/image_06280.jpg
18,jpg/image_06161.jpg
8,jpg/image_06398.jpg
27,jpg/image_05230.jpg
10,jpg/image_03157.jpg
26,jpg/image_06857.jpg
26,jpg/image_06872.jpg
1,jpg/image_05108.jpg
88,jpg/image_00666.jpg
62,jpg/image_05893.jpg
70,jpg/image_04491.jpg
100,jpg/image_07952.jpg
72,jpg/image_00375.jpg
69,jpg/image_05309.jpg
30,jpg/image_06922.jpg
0,jpg/image_06765.jpg
39,jpg/image_04572.jpg
34,jpg/image_06973.jpg
96,jpg/image_07707.jpg
11,jpg/image_04058.jpg
35,jpg/image_04341.jpg
36,jpg/image_03811.jpg
8,jpg/image_06415.jpg
51,jpg/image_04224.jpg
84,jpg/image_04797.jpg
89,jpg/image_04475.jpg
22,jpg/image_03404.jpg
13,jpg/image_06058.jpg
40,jpg/image_02257.jpg
27,jpg/image_05226.jpg
22,jpg/image_03392.jpg
22,jpg/image_03441.jpg
74,jpg/image_02182.jpg
9,jpg/image_07096.jpg
24,jpg/image_06587.jpg
2,jpg/image_06614.jpg
7,jpg/image_03302.jpg
56,jpg/image_07237.jpg
55,jpg/image_02848.jpg
44,jpg/image_07156.jpg
38,jpg/image_07013.jpg
16,jpg/image_03864.jpg
80,jpg/image_00912.jpg
62,jpg/image_05881.jpg
23,jpg/image_06833.jpg
35,jpg/image_04338.jpg
1,jpg/image_05124.jpg
64,jpg/image_03237.jpg
17,jpg/image_04252.jpg
81,jpg/image_01690.jpg
87,jpg/image_00485.jpg
64,jpg/image_03262.jpg
88,jpg/image_00773.jpg
78,jpg/image_06700.jpg
100,jpg/image_07986.jpg
6,jpg/image_07226.jpg
19,jpg/image_04904.jpg
32,jpg/image_06453.jpg
32,jpg/image_06459.jpg
82,jpg/image_01779.jpg
83,jpg/image_02601.jpg
36,jpg/image_03769.jpg
96,jpg/image_07741.jpg
31,jpg/image_05595.jpg
56,jpg/image_08122.jpg
99,jpg/image_07934.jpg
7,jpg/image_03313.jpg
101,jpg/image_08041.jpg
17,jpg/image_04298.jpg
54,jpg/image_04757.jpg
57,jpg/image_02688.jpg
77,jpg/image_01932.jpg
32,jpg/image_06450.jpg
34,jpg/image_06980.jpg
85,jpg/image_02916.jpg
32,jpg/image_06474.jpg
85,jpg/image_02879.jpg
3,jpg/image_05634.jpg
65,jpg/image_05560.jpg
39,jpg/image_04582.jpg
91,jpg/image_03069.jpg
29,jpg/image_03528.jpg
79,jpg/image_01987.jpg
50,jpg/image_01417.jpg
81,jpg/image_01602.jpg
98,jpg/image_07863.jpg
42,jpg/image_02408.jpg
11,jpg/image_04045.jpg
63,jpg/image_06142.jpg
66,jpg/image_07082.jpg
7,jpg/image_03345.jpg
94,jpg/image_07587.jpg
59,jpg/image_02944.jpg
93,jpg/image_07434.jpg
57,jpg/image_02684.jpg
81,jpg/image_01639.jpg
10,jpg/image_03165.jpg
89,jpg/image_04467.jpg
44,jpg/image_07129.jpg
4,jpg/image_05166.jpg
34,jpg/image_07002.jpg
79,jpg/image_02007.jpg
55,jpg/image_02830.jpg
21,jpg/image_05373.jpg
50,jpg/image_01335.jpg
47,jpg/image_04652.jpg
66,jpg/image_07083.jpg
43,jpg/image_01571.jpg
98,jpg/image_07877.jpg
6,jpg/image_07213.jpg
87,jpg/image_00543.jpg
5,jpg/image_07180.jpg
100,jpg/image_07990.jpg
14,jpg/image_06376.jpg
27,jpg/image_05242.jpg
65,jpg/image_05530.jpg
22,jpg/image_03443.jpg
43,jpg/image_01498.jpg
61,jpg/image_08176.jpg
20,jpg/image_06783.jpg
13,jpg/image_06065.jpg
69,jpg/image_05303.jpg
91,jpg/image_03052.jpg
48,jpg/image_06239.jpg
24,jpg/image_06580.jpg
90,jpg/image_04868.jpg
26,jpg/image_06865.jpg
40,jpg/image_02277.jpg
67,jpg/image_05913.jpg
52,jpg/image_03731.jpg
62,jpg/image_05901.jpg
3,jpg/image_05635.jpg
24,jpg/image_06585.jpg
91,jpg/image_03033.jpg
60,jpg/image_06257.jpg
51,jpg/image_04175.jpg
95,jpg/image_07654.jpg
48,jpg/image_06225.jpg
42,jpg/image_02361.jpg
30,jpg/image_06912.jpg
47,jpg/image_04656.jpg
23,jpg/image_06825.jpg
1,jpg/image_05114.jpg
28,jpg/image_04113.jpg
16,jpg/image_03879.jpg
27,jpg/image_05256.jpg
41,jpg/image_05691.jpg
85,jpg/image_02912.jpg
0,jpg/image_06739.jpg
89,jpg/image_04440.jpg
44,jpg/image_07132.jpg
72,jpg/image_00433.jpg
100,jpg/image_07969.jpg
41,jpg/image_05709.jpg
79,jpg/image_01988.jpg
83,jpg/image_02634.jpg
11,jpg/image_04076.jpg
87,jpg/image_00479.jpg
52,jpg/image_03675.jpg
84,jpg/image_04825.jpg
78,jpg/image_06716.jpg
24,jpg/image_06599.jpg
3,jpg/image_05672.jpg
34,jpg/image_07006.jpg
28,jpg/image_04110.jpg
64,jpg/image_03272.jpg
37,jpg/image_05814.jpg
20,jpg/image_06792.jpg
58,jpg/image_05084.jpg
39,jpg/image_04571.jpg
94,jpg/image_07512.jpg
31,jpg/image_05600.jpg
27,jpg/image_05265.jpg
79,jpg/image_01993.jpg
69,jpg/image_05317.jpg
3,jpg/image_05654.jpg
92,jpg/image_06042.jpg
4,jpg/image_05178.jpg
81,jpg/image_01638.jpg
59,jpg/image_03027.jpg
21,jpg/image_05388.jpg
58,jpg/image_05022.jpg
76,jpg/image_00023.jpg
18,jpg/image_06191.jpg
7,jpg/image_03346.jpg
91,jpg/image_03067.jpg
72,jpg/image_00366.jpg
68,jpg/image_06004.jpg
22,jpg/image_03371.jpg
53,jpg/image_05449.jpg
96,jpg/image_07743.jpg
15,jpg/image_06675.jpg
100,jpg/image_07977.jpg
84,jpg/image_04777.jpg
3,jpg/image_05651.jpg
57,jpg/image_02720.jpg
36,jpg/image_03770.jpg
9,jpg/image_08097.jpg
1,jpg/image_05138.jpg
25,jpg/image_06509.jpg
97,jpg/image_07824.jpg
39,jpg/image_04608.jpg
71,jpg/image_03605.jpg
15,jpg/image_06680.jpg
41,jpg/image_05722.jpg
34,jpg/image_07003.jpg
88,jpg/image_00763.jpg
15,jpg/image_06669.jpg
48,jpg/image_06223.jpg
77,jpg/image_01847.jpg
77,jpg/image_01886.jpg
7,jpg/image_03298.jpg
58,jpg/image_05077.jpg
21,jpg/image_05360.jpg
64,jpg/image_03194.jpg
88,jpg/image_00719.jpg
72,jpg/image_00269.jpg
12,jpg/image_05772.jpg
39,jpg/image_04616.jpg
59,jpg/image_02995.jpg
39,jpg/image_04568.jpg
52,jpg/image_03690.jpg
51,jpg/image_04226.jpg
31,jpg/image_05608.jpg
26,jpg/image_06859.jpg
13,jpg/image_06060.jpg
64,jpg/image_03248.jpg
25,jpg/image_06521.jpg
73,jpg/image_01190.jpg
99,jpg/image_07927.jpg
51,jpg/image_04170.jpg
46,jpg/image_04985.jpg
19,jpg/image_04947.jpg
95,jpg/image_07643.jpg
52,jpg/image_03700.jpg
61,jpg/image_07280.jpg
83,jpg/image_02632.jpg
14,jpg/image_06390.jpg
15,jpg/image_06682.jpg
28,jpg/image_04094.jpg
55,jpg/image_02782.jpg
36,jpg/image_03799.jpg
65,jpg/image_05579.jpg
38,jpg/image_07033.jpg
72,jpg/image_00304.jpg
56,jpg/image_07254.jpg
65,jpg/image_05568.jpg
74,jpg/image_02158.jpg
11,jpg/image_04032.jpg
10,jpg/image_03169.jpg
88,jpg/image_00607.jpg
46,jpg/image_04991.jpg
27,jpg/image_05233.jpg
38,jpg/image_07028.jpg
89,jpg/image_04408.jpg
22,jpg/image_03445.jpg
66,jpg/image_07077.jpg
57,jpg/image_02696.jpg
13,jpg/image_06076.jpg
56,jpg/image_07252.jpg
67,jpg/image_05926.jpg
63,jpg/image_06145.jpg
27,jpg/image_05224.jpg
48,jpg/image_06205.jpg
16,jpg/image_03874.jpg
21,jpg/image_05354.jpg
92,jpg/image_06039.jpg
0,jpg/image_06747.jpg
47,jpg/image_04679.jpg
62,jpg/image_05858.jpg
81,jpg/image_01637.jpg
8,jpg/image_06400.jpg
34,jpg/image_06981.jpg
52,jpg/image_03709.jpg
65,jpg/image_05541.jpg
75,jpg/image_02492.jpg
40,jpg/image_02250.jpg
21,jpg/image_05376.jpg
56,jpg/image_07239.jpg
97,jpg/image_07767.jpg
87,jpg/image_00549.jpg
26,jpg/image_06873.jpg
40,jpg/image_02215.jpg
80,jpg/image_00832.jpg
6,jpg/image_07210.jpg
74,jpg/image_02185.jpg
72,jpg/image_00291.jpg
73,jpg/image_01152.jpg
35,jpg/image_04357.jpg
54,jpg/image_04721.jpg
91,jpg/image_03086.jpg
59,jpg/image_02934.jpg
37,jpg/image_05800.jpg
47,jpg/image_04693.jpg
99,jpg/image_07917.jpg
35,jpg/image_04331.jpg
97,jpg/image_07806.jpg
11,jpg/image_04075.jpg
17,jpg/image_04246.jpg
85,jpg/image_02877.jpg
13,jpg/image_06055.jpg
31,jpg/image_05592.jpg
15,jpg/image_06662.jpg
70,jpg/image_04487.jpg
88,jpg/image_00741.jpg
41,jpg/image_05719.jpg
30,jpg/image_06904.jpg
24,jpg/image_06573.jpg
81,jpg/image_01618.jpg
1,jpg/image_05116.jpg
63,jpg/image_06111.jpg
62,jpg/image_05855.jpg
33,jpg/image_06945.jpg
64,jpg/image_03225.jpg
56,jpg/image_08119.jpg
92,jpg/image_06019.jpg
86,jpg/image_05500.jpg
32,jpg/image_06465.jpg
35,jpg/image_04366.jpg
44,jpg/image_07154.jpg
69,jpg/image_05327.jpg
94,jpg/image_07513.jpg
43,jpg/image_01542.jpg
10,jpg/image_03172.jpg
16,jpg/image_03836.jpg
14,jpg/image_06393.jpg
3,jpg/image_05674.jpg
80,jpg/image_00911.jpg
20,jpg/image_06775.jpg
46,jpg/image_04969.jpg
81,jpg/image_01657.jpg
86,jpg/image_05508.jpg
45,jpg/image_01089.jpg
98,jpg/image_07883.jpg
24,jpg/image_06611.jpg
70,jpg/image_04529.jpg
7,jpg/image_03295.jpg
39,jpg/image_04570.jpg
58,jpg/image_05055.jpg
6,jpg/image_08104.jpg
67,jpg/image_05921.jpg
80,jpg/image_00874.jpg
88,jpg/image_00685.jpg
55,jpg/image_02846.jpg
17,jpg/image_04258.jpg
93,jpg/image_07418.jpg
78,jpg/image_06732.jpg
43,jpg/image_01556.jpg
12,jpg/image_05785.jpg
89,jpg/image_04479.jpg
56,jpg/image_07251.jpg
53,jpg/image_05444.jpg
101,jpg/image_08030.jpg
47,jpg/image_04640.jpg
2,jpg/image_06630.jpg
81,jpg/image_01683.jpg
10,jpg/image_03166.jpg
100,jpg/image_07957.jpg
49,jpg/image_06560.jpg
68,jpg/image_05993.jpg
9,jpg/image_07112.jpg
36,jpg/image_07285.jpg
86,jpg/image_05478.jpg
96,jpg/image_07692.jpg
47,jpg/image_04670.jpg
12,jpg/image_05791.jpg
26,jpg/image_06860.jpg
58,jpg/image_05045.jpg
9,jpg/image_08093.jpg
101,jpg/image_08042.jpg
101,jpg/image_08035.jpg
23,jpg/image_06848.jpg
93,jpg/image_07398.jpg
51,jpg/image_04207.jpg
61,jpg/image_07278.jpg
65,jpg/image_05533.jpg
46,jpg/image_04964.jpg
51,jpg/image_04196.jpg
75,jpg/image_02466.jpg
32,jpg/image_06441.jpg
76,jpg/image_00055.jpg
1,jpg/image_05120.jpg
52,jpg/image_03659.jpg
84,jpg/image_04816.jpg
98,jpg/image_07850.jpg
32,jpg/image_06469.jpg
34,jpg/image_08087.jpg
71,jpg/image_03583.jpg
6,jpg/image_07230.jpg
9,jpg/image_07114.jpg
91,jpg/image_03064.jpg
86,jpg/image_05463.jpg
62,jpg/image_05880.jpg
64,jpg/image_03202.jpg
56,jpg/image_07256.jpg
81,jpg/image_01608.jpg
18,jpg/image_06183.jpg
91,jpg/image_03029.jpg
25,jpg/image_06512.jpg
87,jpg/image_00570.jpg
4,jpg/image_05162.jpg
81,jpg/image_01688.jpg
79,jpg/image_02060.jpg
1,jpg/image_05123.jpg
72,jpg/image_00285.jpg
18,jpg/image_06156.jpg
79,jpg/image_02011.jpg
42,jpg/image_02327.jpg
57,jpg/image_02694.jpg
54,jpg/image_04763.jpg
29,jpg/image_03521.jpg
83,jpg/image_02608.jpg
39,jpg/image_04559.jpg
9,jpg/image_08090.jpg
93,jpg/image_07325.jpg
78,jpg/image_06695.jpg
50,jpg/image_01459.jpg
38,jpg/image_07015.jpg
99,jpg/image_07907.jpg
88,jpg/image_00640.jpg
87,jpg/image_00524.jpg
19,jpg/image_04905.jpg
16,jpg/image_03851.jpg
73,jpg/image_01271.jpg
60,jpg/image_06268.jpg
4,jpg/image_05204.jpg
99,jpg/image_07935.jpg
90,jpg/image_04835.jpg
69,jpg/image_05339.jpg
83,jpg/image_02571.jpg
43,jpg/image_01546.jpg
37,jpg/image_05805.jpg
32,jpg/image_06445.jpg
61,jpg/image_08157.jpg
86,jpg/image_05516.jpg
12,jpg/image_05768.jpg
35,jpg/image_04350.jpg
4,jpg/image_05169.jpg
65,jpg/image_05583.jpg
61,jpg/image_08179.jpg
55,jpg/image_02803.jpg
1,jpg/image_05100.jpg
34,jpg/image_06971.jpg
92,jpg/image_08116.jpg
38,jpg/image_07041.jpg
5,jpg/image_07184.jpg
63,jpg/image_06103.jpg
53,jpg/image_05446.jpg
79,jpg/image_02055.jpg
21,jpg/image_05366.jpg
14,jpg/image_06359.jpg
66,jpg/image_07071.jpg
100,jpg/image_07946.jpg
46,jpg/image_04988.jpg
36,jpg/image_03744.jpg
94,jpg/image_07478.jpg
76,jpg/image_00222.jpg
43,jpg/image_01580.jpg
5,jpg/image_07167.jpg
98,jpg/image_07857.jpg
80,jpg/image_00843.jpg
17,jpg/image_04261.jpg
98,jpg/image_07842.jpg
31,jpg/image_05598.jpg
43,jpg/image_01521.jpg
35,jpg/image_04388.jpg
84,jpg/image_04799.jpg
75,jpg/image_02543.jpg
31,jpg/image_05622.jpg
51,jpg/image_04205.jpg
36,jpg/image_03789.jpg
26,jpg/image_06850.jpg
90,jpg/image_04845.jpg
67,jpg/image_05934.jpg
54,jpg/image_04754.jpg
49,jpg/image_06307.jpg
10,jpg/image_03104.jpg
22,jpg/image_03449.jpg
53,jpg/image_05447.jpg
74,jpg/image_02098.jpg
20,jpg/image_06806.jpg
77,jpg/image_01864.jpg
39,jpg/image_04560.jpg
27,jpg/image_05221.jpg
94,jpg/image_07520.jpg
62,jpg/image_05902.jpg
45,jpg/image_01111.jpg
19,jpg/image_04950.jpg
37,jpg/image_05797.jpg
57,jpg/image_02745.jpg
97,jpg/image_07811.jpg
99,jpg/image_07906.jpg
45,jpg/image_00969.jpg
25,jpg/image_06506.jpg
79,jpg/image_02066.jpg
19,jpg/image_04944.jpg
92,jpg/image_06043.jpg
75,jpg/image_02506.jpg
97,jpg/image_07786.jpg
44,jpg/image_07139.jpg
82,jpg/image_01763.jpg
77,jpg/image_01835.jpg
72,jpg/image_00364.jpg
80,jpg/image_00839.jpg
94,jpg/image_07523.jpg
53,jpg/image_05410.jpg
49,jpg/image_06562.jpg
72,jpg/image_00255.jpg
15,jpg/image_06691.jpg
67,jpg/image_05909.jpg
79,jpg/image_02020.jpg
20,jpg/image_06789.jpg
89,jpg/image_04429.jpg
41,jpg/image_05720.jpg
79,jpg/image_02019.jpg
18,jpg/image_06155.jpg
28,jpg/image_04153.jpg
93,jpg/image_07436.jpg
19,jpg/image_04936.jpg
65,jpg/image_05550.jpg
99,jpg/image_07932.jpg
92,jpg/image_06026.jpg
101,jpg/image_08008.jpg
29,jpg/image_03478.jpg
59,jpg/image_02956.jpg
56,jpg/image_07253.jpg
0,jpg/image_06773.jpg
41,jpg/image_05741.jpg
28,jpg/image_04088.jpg
58,jpg/image_05028.jpg
89,jpg/image_04453.jpg
15,jpg/image_06686.jpg
8,jpg/image_06403.jpg
92,jpg/image_08113.jpg
73,jpg/image_01212.jpg
71,jpg/image_03561.jpg
33,jpg/image_06934.jpg
100,jpg/image_07991.jpg
48,jpg/image_06209.jpg
70,jpg/image_04489.jpg
42,jpg/image_02378.jpg
68,jpg/image_05977.jpg
64,jpg/image_03281.jpg
89,jpg/image_04403.jpg
80,jpg/image_00825.jpg
89,jpg/image_04405.jpg
22,jpg/image_03386.jpg
78,jpg/image_06724.jpg
82,jpg/image_01751.jpg
78,jpg/image_06731.jpg
82,jpg/image_01781.jpg
101,jpg/image_08031.jpg
99,jpg/image_07928.jpg
90,jpg/image_04847.jpg
81,jpg/image_01695.jpg
60,jpg/image_06253.jpg
5,jpg/image_08111.jpg
8,jpg/image_06413.jpg
62,jpg/image_05886.jpg
75,jpg/image_02514.jpg
56,jpg/image_08138.jpg
63,jpg/image_06097.jpg
42,jpg/image_02334.jpg
7,jpg/image_03318.jpg
49,jpg/image_06343.jpg
57,jpg/image_02672.jpg
83,jpg/image_02566.jpg
59,jpg/image_03025.jpg
8,jpg/image_06434.jpg
67,jpg/image_05905.jpg
33,jpg/image_06937.jpg
35,jpg/image_04374.jpg
71,jpg/image_03568.jpg
59,jpg/image_03000.jpg
18,jpg/image_06190.jpg
93,jpg/image_07453.jpg
49,jpg/image_06543.jpg
86,jpg/image_05507.jpg
91,jpg/image_03048.jpg
68,jpg/image_06006.jpg
77,jpg/image_01937.jpg
8,jpg/image_06411.jpg
40,jpg/image_02227.jpg
38,jpg/image_07011.jpg
10,jpg/image_03156.jpg
0,jpg/image_06763.jpg
28,jpg/image_04089.jpg
62,jpg/image_05895.jpg
65,jpg/image_05529.jpg
40,jpg/image_02204.jpg
26,jpg/image_06867.jpg
98,jpg/image_07835.jpg
44,jpg/image_07152.jpg
100,jpg/image_07999.jpg
76,jpg/image_00017.jpg
93,jpg/image_07421.jpg
6,jpg/image_08101.jpg
95,jpg/image_07624.jpg
54,jpg/image_04698.jpg
77,jpg/image_01934.jpg
36,jpg/image_03814.jpg
82,jpg/image_01742.jpg
38,jpg/image_07012.jpg
80,jpg/image_00794.jpg
36,jpg/image_03780.jpg
98,jpg/image_07849.jpg
21,jpg/image_05346.jpg
66,jpg/image_07053.jpg
58,jpg/image_05085.jpg
12,jpg/image_05774.jpg
74,jpg/image_02159.jpg
37,jpg/image_05834.jpg
11,jpg/image_04056.jpg
25,jpg/image_06520.jpg
97,jpg/image_07753.jpg
91,jpg/image_03079.jpg
15,jpg/image_06678.jpg
75,jpg/image_02468.jpg
46,jpg/image_05002.jpg
45,jpg/image_00974.jpg
35,jpg/image_04392.jpg
67,jpg/image_05954.jpg
5,jpg/image_07173.jpg
65,jpg/image_05524.jpg
85,jpg/image_02910.jpg
6,jpg/image_07224.jpg
74,jpg/image_02179.jpg
37,jpg/image_05845.jpg
98,jpg/image_07834.jpg
48,jpg/image_06204.jpg
42,jpg/image_02375.jpg
87,jpg/image_00578.jpg
16,jpg/image_03903.jpg
76,jpg/image_00094.jpg
36,jpg/image_03821.jpg
34,jpg/image_06996.jpg
87,jpg/image_00468.jpg
85,jpg/image_02888.jpg
14,jpg/image_06349.jpg
53,jpg/image_05413.jpg
74,jpg/image_02160.jpg
33,jpg/image_06958.jpg
0,jpg/image_06740.jpg
66,jpg/image_07070.jpg
44,jpg/image_07141.jpg
63,jpg/image_06128.jpg
38,jpg/image_07035.jpg
29,jpg/image_03508.jpg
70,jpg/image_04515.jpg
89,jpg/image_04469.jpg
93,jpg/image_07386.jpg
0,jpg/image_06749.jpg
18,jpg/image_06174.jpg
38,jpg/image_07008.jpg
31,jpg/image_05621.jpg
20,jpg/image_06795.jpg
57,jpg/image_02738.jpg
88,jpg/image_00706.jpg
15,jpg/image_06679.jpg
63,jpg/image_06102.jpg
60,jpg/image_06255.jpg
16,jpg/image_03854.jpg
3,jpg/image_05648.jpg
3,jpg/image_05663.jpg
56,jpg/image_08121.jpg
70,jpg/image_04490.jpg
49,jpg/image_06553.jpg
23,jpg/image_06819.jpg
68,jpg/image_05989.jpg
9,jpg/image_07099.jpg
60,jpg/image_06281.jpg
14,jpg/image_06381.jpg
40,jpg/image_02201.jpg
52,jpg/image_03658.jpg
78,jpg/image_06719.jpg
84,jpg/image_04789.jpg
81,jpg/image_01656.jpg
71,jpg/image_03581.jpg
37,jpg/image_05842.jpg
13,jpg/image_06070.jpg
47,jpg/image_04654.jpg
79,jpg/image_02058.jpg
7,jpg/image_03297.jpg
25,jpg/image_06513.jpg
24,jpg/image_06577.jpg
67,jpg/image_05945.jpg
70,jpg/image_04534.jpg
98,jpg/image_07861.jpg
63,jpg/image_06108.jpg
78,jpg/image_06713.jpg
12,jpg/image_05773.jpg
62,jpg/image_05860.jpg
64,jpg/image_03234.jpg
41,jpg/image_05694.jpg
96,jpg/image_07701.jpg
23,jpg/image_06849.jpg
85,jpg/image_02909.jpg
23,jpg/image_06841.jpg
0,jpg/image_06754.jpg
55,jpg/image_02802.jpg
30,jpg/image_06893.jpg
50,jpg/image_01314.jpg
63,jpg/image_06126.jpg
32,jpg/image_06446.jpg
31,jpg/image_05593.jpg
98,jpg/image_07833.jpg
18,jpg/image_06196.jpg
9,jpg/image_07093.jpg
75,jpg/image_02511.jpg
52,jpg/image_03688.jpg
9,jpg/image_07104.jpg
86,jpg/image_05511.jpg
28,jpg/image_04100.jpg
21,jpg/image_05359.jpg
84,jpg/image_04784.jpg
73,jpg/image_01159.jpg
10,jpg/image_03142.jpg
10,jpg/image_03171.jpg
34,jpg/image_06983.jpg
30,jpg/image_08069.jpg
59,jpg/image_03013.jpg
95,jpg/image_07674.jpg
64,jpg/image_03219.jpg
35,jpg/image_04356.jpg
95,jpg/image_07638.jpg
76,jpg/image_00082.jpg
63,jpg/image_06098.jpg
72,jpg/image_00400.jpg
85,jpg/image_02873.jpg
48,jpg/image_06224.jpg
67,jpg/image_05940.jpg
45,jpg/image_01049.jpg
99,jpg/image_07902.jpg
74,jpg/image_02163.jpg
100,jpg/image_07976.jpg
30,jpg/image_06907.jpg
19,jpg/image_04910.jpg
34,jpg/image_06985.jpg
29,jpg/image_03464.jpg
68,jpg/image_05958.jpg
95,jpg/image_07656.jpg
97,jpg/image_07799.jpg
4,jpg/image_05179.jpg
96,jpg/image_07694.jpg
32,jpg/image_06451.jpg
75,jpg/image_02477.jpg
29,jpg/image_03480.jpg
13,jpg/image_06057.jpg
14,jpg/image_06378.jpg
46,jpg/image_04961.jpg
10,jpg/image_03132.jpg
69,jpg/image_05305.jpg
19,jpg/image_04931.jpg
83,jpg/image_02577.jpg
77,jpg/image_01929.jpg
26,jpg/image_06858.jpg
53,jpg/image_05404.jpg
50,jpg/image_01486.jpg
86,jpg/image_05465.jpg
22,jpg/image_03373.jpg
42,jpg/image_02421.jpg
28,jpg/image_04129.jpg
101,jpg/image_08016.jpg
25,jpg/image_06518.jpg
20,jpg/image_06809.jpg
59,jpg/image_02987.jpg
80,jpg/image_00902.jpg
23,jpg/image_06824.jpg
89,jpg/image_04417.jpg
39,jpg/image_04567.jpg
62,jpg/image_05898.jpg
2,jpg/image_06647.jpg
15,jpg/image_06668.jpg
82,jpg/image_01797.jpg
78,jpg/image_06708.jpg
27,jpg/image_05276.jpg
66,jpg/image_07051.jpg
93,jpg/image_07338.jpg
10,jpg/image_03116.jpg
43,jpg/image_01558.jpg
6,jpg/image_07231.jpg
97,jpg/image_07804.jpg
85,jpg/image_02915.jpg
93,jpg/image_07336.jpg
11,jpg/image_04035.jpg
48,jpg/image_06200.jpg
16,jpg/image_03886.jpg
56,jpg/image_08133.jpg
2,jpg/image_06644.jpg
91,jpg/image_03094.jpg
84,jpg/image_04782.jpg
45,jpg/image_01010.jpg
55,jpg/image_02841.jpg
54,jpg/image_04743.jpg
8,jpg/image_06427.jpg
42,jpg/image_02354.jpg
11,jpg/image_04057.jpg
82,jpg/image_01776.jpg
88,jpg/image_00665.jpg
90,jpg/image_04879.jpg
45,jpg/image_01087.jpg
32,jpg/image_06454.jpg
1,jpg/image_05132.jpg
17,jpg/image_04282.jpg
4,jpg/image_05192.jpg
51,jpg/image_04181.jpg
86,jpg/image_05506.jpg
80,jpg/image_00881.jpg
50,jpg/image_01413.jpg
71,jpg/image_03564.jpg
97,jpg/image_07820.jpg
82,jpg/image_01796.jpg
22,jpg/image_03406.jpg
45,jpg/image_01035.jpg
87,jpg/image_00495.jpg
43,jpg/image_01522.jpg
18,jpg/image_06157.jpg
99,jpg/image_07915.jpg
33,jpg/image_06964.jpg
47,jpg/image_04636.jpg
77,jpg/image_01907.jpg
8,jpg/image_06432.jpg
85,jpg/image_02892.jpg
77,jpg/image_01948.jpg
66,jpg/image_07054.jpg
37,jpg/image_05824.jpg
27,jpg/image_05266.jpg
68,jpg/image_05962.jpg
87,jpg/image_00498.jpg
45,jpg/image_01024.jpg
59,jpg/image_02959.jpg
39,jpg/image_04603.jpg
51,jpg/image_04166.jpg
6,jpg/image_07219.jpg
94,jpg/image_07479.jpg
26,jpg/image_06854.jpg
73,jpg/image_01261.jpg
50,jpg/image_03957.jpg
68,jpg/image_05975.jpg
63,jpg/image_06124.jpg
24,jpg/image_06603.jpg
50,jpg/image_03923.jpg
78,jpg/image_06709.jpg
69,jpg/image_05293.jpg
1,jpg/image_05101.jpg
60,jpg/image_06293.jpg
21,jpg/image_05343.jpg
0,jpg/image_06738.jpg
42,jpg/image_02398.jpg
101,jpg/image_08028.jpg
90,jpg/image_08059.jpg
100,jpg/image_07975.jpg
73,jpg/image_01251.jpg
22,jpg/image_03402.jpg
47,jpg/image_04628.jpg
14,jpg/image_06388.jpg
69,jpg/image_05291.jpg
4,jpg/image_05168.jpg
18,jpg/image_06165.jpg
73,jpg/image_01162.jpg
34,jpg/image_06984.jpg
33,jpg/image_06955.jpg
78,jpg/image_06696.jpg
17,jpg/image_04296.jpg
80,jpg/image_00795.jpg
4,jpg/image_05211.jpg
55,jpg/image_02834.jpg
41,jpg/image_05730.jpg
95,jpg/image_07637.jpg
37,jpg/image_05829.jpg
84,jpg/image_04774.jpg
2,jpg/image_06646.jpg
73,jpg/image_01196.jpg
32,jpg/image_06467.jpg
66,jpg/image_07056.jpg
74,jpg/image_02110.jpg
54,jpg/image_04732.jpg
18,jpg/image_06185.jpg
33,jpg/image_06948.jpg
20,jpg/image_06808.jpg
10,jpg/image_03128.jpg
71,jpg/image_03600.jpg
50,jpg/image_01445.jpg
60,jpg/image_06274.jpg
94,jpg/image_07503.jpg
13,jpg/image_06049.jpg
23,jpg/image_06840.jpg
66,jpg/image_07073.jpg
25,jpg/image_06519.jpg
76,jpg/image_00169.jpg
95,jpg/image_07597.jpg
82,jpg/image_01747.jpg
22,jpg/image_03448.jpg
46,jpg/image_05019.jpg
81,jpg/image_01644.jpg
7,jpg/image_03327.jpg
38,jpg/image_07032.jpg
83,jpg/image_02560.jpg
72,jpg/image_00381.jpg
44,jpg/image_07133.jpg
61,jpg/image_08173.jpg
46,jpg/image_04965.jpg
50,jpg/image_01452.jpg
60,jpg/image_06249.jpg
43,jpg/image_01553.jpg
24,jpg/image_06584.jpg
51,jpg/image_04179.jpg
9,jpg/image_07102.jpg
92,jpg/image_06048.jpg
82,jpg/image_01719.jpg
57,jpg/image_02730.jpg
70,jpg/image_04540.jpg
17,jpg/image_04260.jpg
0,jpg/image_06767.jpg
49,jpg/image_06564.jpg
59,jpg/image_02966.jpg
2,jpg/image_06645.jpg
2,jpg/image_06612.jpg
11,jpg/image_04073.jpg
12,jpg/image_05767.jpg
32,jpg/image_06456.jpg
11,jpg/image_04033.jpg
54,jpg/image_04719.jpg
6,jpg/image_07212.jpg
3,jpg/image_05684.jpg
16,jpg/image_03912.jpg
29,jpg/image_03483.jpg
19,jpg/image_04927.jpg
60,jpg/image_06279.jpg
9,jpg/image_07095.jpg
33,jpg/image_06939.jpg
23,jpg/image_06814.jpg
55,jpg/image_02753.jpg
7,jpg/image_03306.jpg
7,jpg/image_03337.jpg
75,jpg/image_02461.jpg
49,jpg/image_06534.jpg
24,jpg/image_06591.jpg
61,jpg/image_08187.jpg
29,jpg/image_03469.jpg
25,jpg/image_06505.jpg
54,jpg/image_04696.jpg
42,jpg/image_02350.jpg
90,jpg/image_08061.jpg
8,jpg/image_06436.jpg
61,jpg/image_08185.jpg
71,jpg/image_03570.jpg
26,jpg/image_06852.jpg
69,jpg/image_05285.jpg
96,jpg/image_07734.jpg
48,jpg/image_06217.jpg
74,jpg/image_02144.jpg
45,jpg/image_00979.jpg
0,jpg/image_06761.jpg
96,jpg/image_07731.jpg
12,jpg/image_05790.jpg
58,jpg/image_05065.jpg
23,jpg/image_06834.jpg
29,jpg/image_03524.jpg
94,jpg/image_07495.jpg
11,jpg/image_04037.jpg
71,jpg/image_03566.jpg
58,jpg/image_05069.jpg
82,jpg/image_01789.jpg
28,jpg/image_04116.jpg
3,jpg/image_05658.jpg
55,jpg/image_02854.jpg
51,jpg/image_04186.jpg
5,jpg/image_07181.jpg
61,jpg/image_08174.jpg
23,jpg/image_06817.jpg
69,jpg/image_05323.jpg
1,jpg/image_05118.jpg
74,jpg/image_02095.jpg
17,jpg/image_04312.jpg
58,jpg/image_05064.jpg
30,jpg/image_06906.jpg
8,jpg/image_06428.jpg
92,jpg/image_06023.jpg
75,jpg/image_02550.jpg
24,jpg/image_06594.jpg
57,jpg/image_02678.jpg
64,jpg/image_03191.jpg
88,jpg/image_00628.jpg
57,jpg/image_02642.jpg
54,jpg/image_04761.jpg
85,jpg/image_02867.jpg
36,jpg/image_07288.jpg
31,jpg/image_05589.jpg
66,jpg/image_07074.jpg
90,jpg/image_04831.jpg
6,jpg/image_07228.jpg
13,jpg/image_06073.jpg
8,jpg/image_06405.jpg
101,jpg/image_08009.jpg
5,jpg/image_07166.jpg
70,jpg/image_04498.jpg
76,jpg/image_00083.jpg
7,jpg/image_03310.jpg
27,jpg/image_05268.jpg
17,jpg/image_04323.jpg
19,jpg/image_04952.jpg
37,jpg/image_05833.jpg
27,jpg/image_05235.jpg
71,jpg/image_03601.jpg
99,jpg/image_07931.jpg
97,jpg/image_07828.jpg
95,jpg/image_07644.jpg
35,jpg/image_04337.jpg
28,jpg/image_04128.jpg
36,jpg/image_03738.jpg
2,jpg/image_06631.jpg
101,jpg/image_08034.jpg
46,jpg/image_05009.jpg
40,jpg/image_02259.jpg
70,jpg/image_04512.jpg
12,jpg/image_05757.jpg
20,jpg/image_06802.jpg
101,jpg/image_08046.jpg
52,jpg/image_03714.jpg
30,jpg/image_06894.jpg
76,jpg/image_00038.jpg
88,jpg/image_00692.jpg
20,jpg/image_06780.jpg
31,jpg/image_05612.jpg
30,jpg/image_06917.jpg
40,jpg/image_02211.jpg
14,jpg/image_06392.jpg
30,jpg/image_08077.jpg
92,jpg/image_06025.jpg
60,jpg/image_06276.jpg
33,jpg/image_06942.jpg
48,jpg/image_06241.jpg
22,jpg/image_03420.jpg
29,jpg/image_03501.jpg
29,jpg/image_03471.jpg
68,jpg/image_05971.jpg
50,jpg/image_01446.jpg
84,jpg/image_04778.jpg
96,jpg/image_07715.jpg
49,jpg/image_06300.jpg
44,jpg/image_07127.jpg
25,jpg/image_06510.jpg
5,jpg/image_07171.jpg
26,jpg/image_06883.jpg
93,jpg/image_07334.jpg
77,jpg/image_01963.jpg
94,jpg/image_07494.jpg
5,jpg/image_07196.jpg
2,jpg/image_06640.jpg
85,jpg/image_02906.jpg
53,jpg/image_05441.jpg
65,jpg/image_05582.jpg
52,jpg/image_03708.jpg
16,jpg/image_03867.jpg
53,jpg/image_05456.jpg
17,jpg/image_04256.jpg
84,jpg/image_04767.jpg
90,jpg/image_04875.jpg
64,jpg/image_03276.jpg
2,jpg/image_06639.jpg
39,jpg/image_04581.jpg
35,jpg/image_04361.jpg
19,jpg/image_04912.jpg
62,jpg/image_05868.jpg
76,jpg/image_00212.jpg
83,jpg/image_02581.jpg
95,jpg/image_07603.jpg
83,jpg/image_02630.jpg
33,jpg/image_06943.jpg
41,jpg/image_05711.jpg
86,jpg/image_05466.jpg
12,jpg/image_05770.jpg
42,jpg/image_02326.jpg
94,jpg/image_07491.jpg
91,jpg/image_03065.jpg
44,jpg/image_07128.jpg
40,jpg/image_02239.jpg
32,jpg/image_06442.jpg
14,jpg/image_06354.jpg
44,jpg/image_07124.jpg
17,jpg/image_04267.jpg
16,jpg/image_03852.jpg
69,jpg/image_05320.jpg
30,jpg/image_06913.jpg
83,jpg/image_02603.jpg
5,jpg/image_08106.jpg
49,jpg/image_06313.jpg
53,jpg/image_05424.jpg
1,jpg/image_05104.jpg
57,jpg/image_02709.jpg
47,jpg/image_04682.jpg
11,jpg/image_04062.jpg
55,jpg/image_02833.jpg
100,jpg/image_07989.jpg
40,jpg/image_02242.jpg
13,jpg/image_06059.jpg
73,jpg/image_01147.jpg
90,jpg/image_04830.jpg
21,jpg/image_05392.jpg
68,jpg/image_05990.jpg
96,jpg/image_07700.jpg
7,jpg/image_03339.jpg
31,jpg/image_05603.jpg
54,jpg/image_04738.jpg
96,jpg/image_07691.jpg
41,jpg/image_05698.jpg
3,jpg/image_05678.jpg
2,jpg/image_06638.jpg
4,jpg/image_05185.jpg
87,jpg/image_00516.jpg
70,jpg/image_04516.jpg
61,jpg/image_08182.jpg
38,jpg/image_07029.jpg
67,jpg/image_05956.jpg
13,jpg/image_06051.jpg
96,jpg/image_07724.jpg
